{
  "min_edge": 0.040000000000000015,
  "kelly_fraction": 0.21999999999999997
}